{
  "n_genes": 28,
  "panel": [
    "ALG9",
    "ANTXR2",
    "C5AR1",
    "CHD1L",
    "CTSS",
    "CTSZ",
    "DFFB",
    "DOCK8",
    "FGL2",
    "HEATR1",
    "HMGCR",
    "LAMP2",
    "LIG1",
    "MARCKS",
    "MRPL49",
    "MTPN",
    "NPEPPS",
    "PDK4",
    "PLXDC2",
    "PPIH",
    "RGS2",
    "ST8SIA4",
    "STK3",
    "TLE4",
    "TNFSF13B",
    "VNN3",
    "ZNF134",
    "ZNF419"
  ],
  "cv_auc_mean": 0.99,
  "cv_auc_std": 0.020000000000000018,
  "holdout_auc": 1.0,
  "cross_tissue_auc": 0.5275,
  "gse37587_baseline_mean_pred": 0.6594273744422959,
  "top_shap": [
    [
      "ANTXR2",
      0.06375978402314876
    ],
    [
      "ANTXR2",
      0.06375978402314876
    ],
    [
      "ALG9",
      0.013594443646280697
    ],
    [
      "ALG9",
      0.013594443646280697
    ],
    [
      "ALG9",
      0.013594443646280697
    ],
    [
      "ANTXR2",
      0.06375978402314876
    ],
    [
      "ANTXR2",
      0.06375978402314876
    ],
    [
      "ANTXR2",
      0.06375978402314876
    ],
    [
      "ALG9",
      0.013594443646280697
    ],
    [
      "ANTXR2",
      0.06375978402314876
    ],
    [
      "ALG9",
      0.013594443646280697
    ],
    [
      "ALG9",
      0.013594443646280697
    ],
    [
      "ALG9",
      0.013594443646280697
    ],
    [
      "ALG9",
      0.013594443646280697
    ],
    [
      "ANTXR2",
      0.06375978402314876
    ],
    [
      "ANTXR2",
      0.06375978402314876
    ],
    [
      "ALG9",
      0.013594443646280697
    ],
    [
      "ALG9",
      0.013594443646280697
    ],
    [
      "ALG9",
      0.013594443646280697
    ],
    [
      "ANTXR2",
      0.06375978402314876
    ]
  ]
}