module,AIMS_AUC,Simple_AUC,AIMS_vs_Simple_r
NETosis,0.8985042735042734,0.907051282051282,0.9948348983975382
Kynurenine,0.5651709401709402,0.6111111111111112,0.9773708936697028
Inflammasome,0.7831196581196581,0.8012820512820513,0.9874737203924888
Complement,0.6933760683760684,0.7542735042735044,0.9832719384387897
Metabolic_Stress,0.9113247863247863,0.9241452991452992,0.9801478980156351
Cytokine_Storm,0.5705128205128205,0.5715811965811967,0.9844528337262517
Angiogenesis,0.5641025641025641,,
Apoptosis,0.5534188034188033,,
